Div,Date,Time,HomeTeam,AwayTeam,FTHG,FTAG,FTR,HTHG,HTAG,HTR,B365H,B365D,B365A,BWH,BWD,BWA,IWH,IWD,IWA,PSH,PSD,PSA,WHH,WHD,WHA,VCH,VCD,VCA,MaxH,MaxD,MaxA,AvgH,AvgD,AvgA,B365>2.5,B365<2.5,P>2.5,P<2.5,Max>2.5,Max<2.5,Avg>2.5,Avg<2.5,AHh,B365AHH,B365AHA,PAHH,PAHA,MaxAHH,MaxAHA,AvgAHH,AvgAHA,B365CH,B365CD,B365CA,BWCH,BWCD,BWCA,IWCH,IWCD,IWCA,PSCH,PSCD,PSCA,WHCH,WHCD,WHCA,VCCH,VCCD,VCCA,MaxCH,MaxCD,MaxCA,AvgCH,AvgCD,AvgCA,B365C>2.5,B365C<2.5,PC>2.5,PC<2.5,MaxC>2.5,MaxC<2.5,AvgC>2.5,AvgC<2.5,AHCh,B365CAHH,B365CAHA,PCAHH,PCAHA,MaxCAHH,MaxCAHA,AvgCAHH,AvgCAHA
B1,26/12/2019,13:30,Genk,Eupen,,,,,,,1.44,5,6.5,1.4,4.75,7,1.42,4.5,6.4,1.46,4.51,7.45,1.42,4.5,7,1.44,4.6,7,1.46,5,7.5,1.42,4.57,6.82,1.6,2.3,1.68,2.24,1.68,2.34,1.6,2.26,-1.25,1.98,1.88,2.02,1.86,2.02,1.94,1.95,1.86,,,,,,,,,,,,,,,,,,,,,,,,,,,,,,,,,,,,,,,,,
B1,26/12/2019,13:30,Kortrijk,Cercle Brugge,,,,,,,1.72,4,4.33,1.8,3.8,4,1.77,3.8,3.95,1.76,4.17,4.29,1.75,3.9,4.2,1.75,4,4.2,1.84,4.17,4.34,1.77,3.9,4.06,1.57,2.35,1.54,2.55,1.57,2.56,1.54,2.43,-0.75,1.98,1.88,1.98,1.9,2.07,1.91,1.98,1.84,,,,,,,,,,,,,,,,,,,,,,,,,,,,,,,,,,,,,,,,,
B1,26/12/2019,13:30,Mouscron,Mechelen,,,,,,,2.62,3.3,2.62,2.55,3.4,2.6,2.6,3.3,2.55,2.64,3.53,2.65,2.55,3.4,2.6,2.6,3.4,2.63,2.65,3.53,2.77,2.56,3.37,2.62,1.85,1.95,1.9,1.96,1.95,1.98,1.86,1.91,0,1.93,1.93,1.93,1.94,1.98,2.02,1.89,1.93,,,,,,,,,,,,,,,,,,,,,,,,,,,,,,,,,,,,,,,,,
B1,26/12/2019,13:30,Waasland-Beveren,St Truiden,,,,,,,2.37,3.6,2.75,2.5,3.5,2.6,2.4,3.45,2.65,2.41,3.72,2.81,2.4,3.5,2.7,2.45,3.6,2.7,2.55,3.72,2.81,2.45,3.53,2.66,1.6,2.3,1.65,2.31,1.68,2.35,1.63,2.23,0,1.8,2.05,1.79,2.09,1.92,2.11,1.83,2,,,,,,,,,,,,,,,,,,,,,,,,,,,,,,,,,,,,,,,,,
B1,26/12/2019,17:00,Club Brugge,Waregem,,,,,,,1.22,7,10,1.22,6,11.5,1.22,6,11,1.21,6.53,13.82,1.2,6,15,1.2,6.5,13,1.24,7.03,15,1.21,6.33,11.84,1.44,2.7,1.43,2.83,1.47,2.83,1.44,2.68,-1.75,1.83,2.02,1.87,1.99,1.89,2.07,1.83,1.99,,,,,,,,,,,,,,,,,,,,,,,,,,,,,,,,,,,,,,,,,
B1,26/12/2019,19:30,Standard,Gent,,,,,,,2.3,3.6,2.75,2.35,3.5,2.75,2.35,3.45,2.7,2.47,3.64,2.78,2.38,3.5,2.75,2.4,3.6,2.75,2.47,3.69,2.93,2.37,3.52,2.75,1.7,2.1,1.74,2.15,1.75,2.28,1.68,2.15,-0.25,2.05,1.75,2.14,1.76,2.16,1.83,2.08,1.76,,,,,,,,,,,,,,,,,,,,,,,,,,,,,,,,,,,,,,,,,
B1,27/12/2019,17:00,Charleroi,Oostende,,,,,,,1.53,4,6,1.57,4,5.5,1.53,4.05,5.5,1.53,4.37,6.29,1.5,4.2,6,1.53,4.2,6,1.57,4.4,6.5,1.53,4.15,5.77,1.7,2.1,1.69,2.21,1.73,2.23,1.68,2.14,-1,1.93,1.93,1.91,1.97,1.97,1.98,1.89,1.92,,,,,,,,,,,,,,,,,,,,,,,,,,,,,,,,,,,,,,,,,
B1,27/12/2019,19:30,Antwerp,Anderlecht,,,,,,,1.85,3.6,4,1.83,3.7,3.9,1.83,3.6,3.9,1.83,4.08,4.05,1.83,3.6,4,1.83,3.7,4.1,1.9,4.08,4.15,1.83,3.75,3.92,1.8,2,1.77,2.11,1.83,2.12,1.76,2.02,-0.5,1.85,2,1.82,2.07,1.92,2.07,1.82,1.99,,,,,,,,,,,,,,,,,,,,,,,,,,,,,,,,,,,,,,,,,
E0,26/12/2019,12:30,Tottenham,Brighton,,,,,,,1.53,4.33,6,1.55,4.4,5.5,1.57,4.35,5.5,1.56,4.48,6,1.55,4.33,5.8,1.53,4.33,6,1.59,4.6,6.11,1.55,4.41,5.73,1.61,2.3,1.64,2.4,1.64,2.43,1.6,2.35,-1,1.94,1.96,1.96,1.97,1.96,2.01,1.91,1.94,,,,,,,,,,,,,,,,,,,,,,,,,,,,,,,,,,,,,,,,,
E0,26/12/2019,15:00,Aston Villa,Norwich,,,,,,,2.1,3.75,3.3,2.05,3.8,3.3,2.1,3.75,3.2,2.14,3.84,3.31,2.1,3.7,3.25,2.1,3.8,3.25,2.2,3.9,3.45,2.11,3.77,3.28,1.53,2.5,1.56,2.59,1.56,2.63,1.52,2.51,-0.25,1.86,2.04,1.88,2.05,1.88,2.07,1.85,2.02,,,,,,,,,,,,,,,,,,,,,,,,,,,,,,,,,,,,,,,,,
E0,26/12/2019,15:00,Bournemouth,Arsenal,,,,,,,3.5,3.9,1.95,3.5,3.9,1.95,3.45,3.8,2,3.49,3.87,2.07,3.5,3.8,2,3.5,3.8,2,3.65,4,2.08,3.5,3.85,2.01,1.57,2.37,1.59,2.52,1.59,2.55,1.55,2.43,0.5,1.88,2.02,1.86,2.07,1.92,2.07,1.86,2.01,,,,,,,,,,,,,,,,,,,,,,,,,,,,,,,,,,,,,,,,,
E0,26/12/2019,15:00,Chelsea,Southampton,,,,,,,1.33,5.25,9,1.35,5.25,8.25,1.37,5.2,7.9,1.36,5.3,9.12,1.35,5,9,1.33,5.25,9,1.39,5.75,9.25,1.35,5.31,8.58,1.5,2.62,1.53,2.69,1.53,2.76,1.49,2.62,-1.5,2.03,1.87,2.06,1.87,2.06,1.94,1.99,1.87,,,,,,,,,,,,,,,,,,,,,,,,,,,,,,,,,,,,,,,,,
E0,26/12/2019,15:00,Crystal Palace,West Ham,,,,,,,2.3,3.4,3.1,2.2,3.5,3.2,2.3,3.35,3.1,2.39,3.44,3.11,2.3,3.4,3.1,2.3,3.4,3.13,2.45,3.59,3.21,2.32,3.42,3.12,1.9,1.9,1.96,1.95,1.96,2.01,1.9,1.92,-0.25,2.03,1.87,2.06,1.86,2.06,1.91,2,1.86,,,,,,,,,,,,,,,,,,,,,,,,,,,,,,,,,,,,,,,,,
E0,26/12/2019,15:00,Everton,Burnley,,,,,,,1.7,3.75,5,1.67,3.8,5.25,1.7,3.7,5,1.75,3.77,5.21,1.7,3.7,5.25,1.7,3.7,5.2,1.76,3.9,5.65,1.71,3.76,5.15,1.9,1.9,2.04,1.88,2.04,1.94,1.93,1.89,-0.75,1.95,1.95,1.99,1.94,1.99,1.99,1.92,1.94,,,,,,,,,,,,,,,,,,,,,,,,,,,,,,,,,,,,,,,,,
E0,26/12/2019,15:00,Sheffield United,Watford,,,,,,,1.83,3.6,4.33,1.85,3.5,4.5,1.85,3.5,4.45,1.9,3.58,4.49,1.85,3.5,4.4,1.83,3.5,4.6,1.95,3.7,4.65,1.86,3.54,4.46,2.1,1.72,2.19,1.76,2.19,1.8,2.11,1.74,-0.5,1.87,2.03,1.9,2.03,1.95,2.08,1.85,2.01,,,,,,,,,,,,,,,,,,,,,,,,,,,,,,,,,,,,,,,,,
E0,26/12/2019,17:30,Man United,Newcastle,,,,,,,1.33,5.25,9,1.35,5.25,8.5,1.35,5,8.9,1.35,5.32,9.59,1.33,5.25,9.5,1.33,5,10,1.39,5.5,10,1.35,5.19,9.18,1.72,2.1,1.79,2.14,1.81,2.2,1.72,2.13,-1.5,2.06,1.84,2.06,1.87,2.09,1.88,2.03,1.84,,,,,,,,,,,,,,,,,,,,,,,,,,,,,,,,,,,,,,,,,
E0,26/12/2019,20:00,Leicester,Liverpool,,,,,,,3.4,3.75,2.05,3.4,3.7,2.05,3.35,3.7,2.05,3.39,3.81,2.12,3.4,3.6,2.1,3.4,3.6,2.1,3.5,3.95,2.16,3.38,3.72,2.08,1.66,2.2,1.66,2.36,1.7,2.38,1.64,2.27,0.25,2.02,1.77,2.07,1.85,2.1,1.87,2.05,1.81,,,,,,,,,,,,,,,,,,,,,,,,,,,,,,,,,,,,,,,,,
E0,27/12/2019,19:45,Wolves,Man City,,,,,,,8.5,5,1.36,7.5,5,1.4,7.3,4.9,1.41,7.89,4.96,1.42,8,5,1.38,8.5,5,1.36,8.59,5.2,1.44,7.73,4.95,1.4,1.57,2.37,1.56,2.58,1.6,2.58,1.56,2.41,1.25,2.01,1.89,2.01,1.92,2.05,1.92,1.99,1.87,,,,,,,,,,,,,,,,,,,,,,,,,,,,,,,,,,,,,,,,,
E1,26/12/2019,15:00,Barnsley,West Brom,,,,,,,4.33,3.8,1.8,4.2,3.8,1.75,4.2,3.9,1.77,4.44,3.94,1.8,4.33,4,1.75,4,4,1.75,4.5,4.1,1.85,4.25,3.89,1.78,1.57,2.37,1.6,2.46,1.6,2.5,1.56,2.39,0.75,1.88,2.02,1.9,2.02,1.91,2.04,1.85,1.98,,,,,,,,,,,,,,,,,,,,,,,,,,,,,,,,,,,,,,,,,
E1,26/12/2019,15:00,Blackburn,Birmingham,,,,,,,2.1,3.4,3.6,2.05,3.3,3.6,2.1,3.3,3.45,2.2,3.3,3.63,2.15,3.3,3.5,2.1,3.4,3.4,2.22,3.48,3.75,2.12,3.31,3.54,2,1.8,2.1,1.8,2.1,1.87,2.01,1.8,-0.25,1.86,2.04,1.88,2.03,1.88,2.08,1.83,2.02,,,,,,,,,,,,,,,,,,,,,,,,,,,,,,,,,,,,,,,,,
E1,26/12/2019,15:00,Brentford,Swansea,,,,,,,1.61,4,5.5,1.6,4,5.25,1.6,4.05,5.3,1.62,4.21,5.56,1.62,4,5.5,1.55,4.1,5.5,1.65,4.25,5.75,1.6,4.07,5.4,1.72,2.1,1.78,2.14,1.78,2.21,1.72,2.11,-1,2.04,1.86,2.08,1.84,2.08,1.9,2.03,1.82,,,,,,,,,,,,,,,,,,,,,,,,,,,,,,,,,,,,,,,,,
E1,26/12/2019,15:00,Cardiff,Millwall,,,,,,,2.3,3.25,3.25,2.25,3.2,3.2,2.3,3.2,3.15,2.33,3.21,3.43,2.25,3.2,3.4,2.25,3.3,3.1,2.36,3.3,3.5,2.29,3.19,3.27,2.1,1.72,2.15,1.76,2.16,1.82,2.06,1.76,-0.25,1.99,1.91,1.99,1.93,2.01,1.95,1.96,1.88,,,,,,,,,,,,,,,,,,,,,,,,,,,,,,,,,,,,,,,,,
E1,26/12/2019,15:00,Charlton,Bristol City,,,,,,,3.25,3.3,2.3,3.1,3.4,2.2,3.05,3.4,2.25,3.21,3.47,2.3,3.1,3.5,2.25,3,3.5,2.2,3.27,3.56,2.35,3.1,3.43,2.26,1.8,2,1.88,2.02,1.89,2.06,1.81,1.99,0.25,1.92,1.98,1.92,2,1.95,2,1.89,1.95,,,,,,,,,,,,,,,,,,,,,,,,,,,,,,,,,,,,,,,,,
E1,26/12/2019,15:00,Hull,Nott'm Forest,,,,,,,2.05,3.4,3.75,2.05,3.4,3.5,2.05,3.4,3.5,2.13,3.5,3.58,2.1,3.5,3.5,2.05,3.5,3.4,2.16,3.61,3.79,2.08,3.45,3.52,1.9,1.9,1.85,2.04,1.91,2.04,1.84,1.96,-0.25,1.81,2.09,1.85,2.07,1.85,2.12,1.8,2.06,,,,,,,,,,,,,,,,,,,,,,,,,,,,,,,,,,,,,,,,,
E1,26/12/2019,15:00,Luton,Fulham,,,,,,,4,3.9,1.83,3.9,3.75,1.83,4.05,3.9,1.77,4.29,4.16,1.79,4.2,4,1.78,4.1,4,1.73,4.29,4.25,1.89,4.07,3.96,1.79,1.57,2.37,1.58,2.51,1.62,2.51,1.57,2.39,0.75,1.89,2.01,1.91,2.01,1.93,2.05,1.86,1.98,,,,,,,,,,,,,,,,,,,,,,,,,,,,,,,,,,,,,,,,,
E1,26/12/2019,15:00,Middlesbrough,Huddersfield,,,,,,,2.45,3.1,3.1,2.4,3.1,3,2.45,3.1,3,2.52,3.15,3.13,2.45,3.2,3,2.4,3.25,2.9,2.52,3.3,3.3,2.43,3.14,3.07,2.2,1.66,2.34,1.65,2.34,1.71,2.21,1.66,-0.25,2.11,1.79,2.14,1.79,2.14,1.84,2.07,1.78,,,,,,,,,,,,,,,,,,,,,,,,,,,,,,,,,,,,,,,,,
E1,26/12/2019,15:00,Stoke,Sheffield Weds,,,,,,,2.6,3.2,2.8,2.55,3.1,2.8,2.65,3.1,2.75,2.76,3.16,2.82,2.75,3.1,2.75,2.63,3.2,2.63,2.81,3.28,2.85,2.67,3.13,2.76,2.2,1.66,2.3,1.67,2.3,1.71,2.21,1.65,0,1.94,1.96,1.94,1.98,1.96,2.06,1.9,1.94,,,,,,,,,,,,,,,,,,,,,,,,,,,,,,,,,,,,,,,,,
E1,26/12/2019,15:00,Wigan,Derby,,,,,,,2.4,3.3,3,2.35,3.2,3,2.4,3.2,3,2.5,3.28,3.04,2.45,3.25,3,2.4,3.25,2.9,2.51,3.36,3.1,2.42,3.24,3,2.1,1.72,2.1,1.81,2.19,1.81,2.07,1.75,-0.25,2.11,1.79,2.14,1.79,2.14,1.83,2.08,1.78,,,,,,,,,,,,,,,,,,,,,,,,,,,,,,,,,,,,,,,,,
E1,26/12/2019,17:15,Leeds,Preston,,,,,,,1.4,4.75,8,1.4,4.6,7.5,1.4,4.65,7.4,1.43,4.61,8.23,1.4,4.75,8,1.36,4.6,8,1.45,4.87,8.5,1.4,4.65,7.8,1.66,2.2,1.71,2.24,1.72,2.29,1.66,2.2,-1.25,1.94,1.96,1.99,1.93,1.99,1.99,1.91,1.93,,,,,,,,,,,,,,,,,,,,,,,,,,,,,,,,,,,,,,,,,
E1,26/12/2019,19:30,Reading,QPR,,,,,,,2.3,3.5,3,2.25,3.4,3,2.35,3.4,2.9,2.39,3.47,3.05,2.3,3.5,3,2.38,3.5,2.8,2.4,3.61,3.1,2.34,3.43,2.97,1.8,2,1.78,2.13,1.82,2.14,1.76,2.06,-0.25,2.08,1.82,2.07,1.85,2.13,1.87,2.04,1.81,,,,,,,,,,,,,,,,,,,,,,,,,,,,,,,,,,,,,,,,,
E2,26/12/2019,15:00,Blackpool,Accrington,,,,,,,2.4,3.4,3.1,2.3,3.3,3,2.25,3.15,2.9,2.4,3.33,3.09,2.35,3.3,3,2.4,3.3,3,2.44,3.4,3.16,2.34,3.27,3,1.95,1.85,1.97,1.85,2.02,1.9,1.94,1.84,-0.25,2.05,1.8,2.04,1.81,2.08,1.86,2.01,1.8,,,,,,,,,,,,,,,,,,,,,,,,,,,,,,,,,,,,,,,,,
E2,26/12/2019,15:00,Bristol Rvs,AFC Wimbledon,,,,,,,1.75,4,5,1.72,3.75,4.5,1.67,3.6,4.3,1.69,4.15,4.82,1.73,3.9,4.4,1.73,3.9,4.6,1.77,4.15,5,1.7,3.88,4.6,1.8,2,1.81,2.02,1.9,2.06,1.81,1.97,-0.75,1.92,1.87,1.88,1.96,1.98,2,1.88,1.92,,,,,,,,,,,,,,,,,,,,,,,,,,,,,,,,,,,,,,,,,
E2,26/12/2019,15:00,Burton,Tranmere,,,,,,,1.57,4.2,6.5,1.55,4.1,5.5,1.55,3.75,5.2,1.58,4.19,5.89,1.6,4,5.5,1.6,4,5.75,1.63,4.25,6.5,1.57,4.01,5.58,1.85,1.95,1.87,1.96,1.93,2.02,1.85,1.94,-1,2.02,1.83,2.02,1.83,2.06,1.87,2,1.81,,,,,,,,,,,,,,,,,,,,,,,,,,,,,,,,,,,,,,,,,
E2,26/12/2019,15:00,Ipswich,Gillingham,,,,,,,1.9,3.5,4.75,1.85,3.2,4.6,1.87,3.1,4,1.97,3.16,4.69,1.91,3.2,4.5,2,3.3,4.1,2,3.5,4.75,1.91,3.19,4.4,2.25,1.61,2.31,1.62,2.36,1.67,2.26,1.61,-0.5,1.95,1.9,1.94,1.91,2,1.97,1.92,1.88,,,,,,,,,,,,,,,,,,,,,,,,,,,,,,,,,,,,,,,,,
E2,26/12/2019,15:00,Oxford,Lincoln,,,,,,,1.8,3.6,5.25,1.75,3.5,4.75,1.67,3.4,4.55,1.72,3.6,5.5,1.7,3.6,5.25,1.75,3.6,5,1.8,3.78,5.5,1.72,3.53,4.98,2,1.8,2,1.83,2.08,1.87,1.99,1.79,-0.75,1.95,1.9,1.93,1.93,2.02,1.95,1.93,1.89,,,,,,,,,,,,,,,,,,,,,,,,,,,,,,,,,,,,,,,,,
E2,26/12/2019,15:00,Peterboro,Doncaster,,,,,,,2.05,3.75,3.75,1.95,3.6,3.6,1.95,3.45,3.3,2.02,3.7,3.67,2,3.5,3.6,2.05,3.6,3.5,2.05,3.75,3.8,1.99,3.57,3.51,1.65,2.2,1.66,2.23,1.7,2.29,1.65,2.19,-0.5,2,1.85,1.99,1.85,2.04,1.9,1.98,1.83,,,,,,,,,,,,,,,,,,,,,,,,,,,,,,,,,,,,,,,,,
E2,26/12/2019,15:00,Portsmouth,Wycombe,,,,,,,1.85,3.6,4.75,1.87,3.4,4.2,1.8,3.3,4.05,1.85,3.57,4.59,1.85,3.4,4.4,1.85,3.4,4.6,1.91,3.6,4.75,1.85,3.42,4.32,2.05,1.75,2.06,1.77,2.11,1.83,2.04,1.76,-0.5,1.83,2.02,1.82,2.02,1.87,2.06,1.83,1.98,,,,,,,,,,,,,,,,,,,,,,,,,,,,,,,,,,,,,,,,,
E2,26/12/2019,15:00,Rochdale,Fleetwood Town,,,,,,,5,3.75,1.83,4.33,3.5,1.8,4.05,3.35,1.77,4.49,3.66,1.84,4.33,3.5,1.83,4.5,3.5,1.85,5,3.75,1.89,4.32,3.53,1.82,2,1.8,2.02,1.81,2.06,1.85,1.99,1.79,0.5,2.02,1.83,2.03,1.81,2.07,1.87,2,1.81,,,,,,,,,,,,,,,,,,,,,,,,,,,,,,,,,,,,,,,,,
E2,26/12/2019,15:00,Shrewsbury,Rotherham,,,,,,,2.9,3.3,2.62,2.75,3.1,2.6,2.55,3.05,2.55,2.85,3.16,2.69,2.75,3.2,2.62,2.75,3.25,2.63,2.9,3.3,2.79,2.74,3.14,2.62,2.1,1.7,2.17,1.69,2.19,1.81,2.1,1.71,0,1.92,1.87,1.98,1.87,2.01,1.93,1.94,1.86,,,,,,,,,,,,,,,,,,,,,,,,,,,,,,,,,,,,,,,,,
E2,26/12/2019,15:00,Southend,Milton Keynes Dons,,,,,,,3.3,3.6,2.25,3.5,3.4,2.05,3.05,3.25,2.1,3.39,3.38,2.23,3.3,3.4,2.15,3.2,3.4,2.25,3.5,3.6,2.25,3.27,3.36,2.17,1.8,2,1.79,2.03,1.87,2.11,1.79,2,0.25,1.95,1.9,1.94,1.9,2,1.96,1.92,1.87,,,,,,,,,,,,,,,,,,,,,,,,,,,,,,,,,,,,,,,,,
E2,26/12/2019,15:00,Sunderland,Bolton,,,,,,,1.45,4.5,6.5,1.48,4.33,6,1.45,4,6,1.5,4.31,6.92,1.47,4.33,6.5,1.5,4.5,6.25,1.55,4.6,7,1.48,4.29,6.37,1.72,2.07,1.71,2.14,1.8,2.17,1.72,2.08,-1,,,1.83,2.02,1.88,2.06,1.81,1.99,,,,,,,,,,,,,,,,,,,,,,,,,,,,,,,,,,,,,,,,,
E3,26/12/2019,13:00,Leyton Orient,Colchester,,,,,,,2.9,3.3,2.37,3,3.2,2.35,2.8,3.1,2.35,3.05,3.34,2.42,3,3.25,2.4,2.8,3.4,2.4,3.1,3.4,2.5,2.91,3.25,2.39,2.07,1.72,2.11,1.74,2.13,1.83,2.04,1.75,0.25,1.77,2.1,1.79,2.06,1.8,2.13,1.76,2.04,,,,,,,,,,,,,,,,,,,,,,,,,,,,,,,,,,,,,,,,,
E3,26/12/2019,15:00,Carlisle,Bradford,,,,,,,3.1,3.5,2.2,3,3.4,2.25,2.95,3.15,2.2,3.19,3.4,2.31,3.1,3.4,2.25,3,3.4,2.25,3.2,3.56,2.33,3.07,3.34,2.25,1.95,1.85,1.94,1.88,2.02,1.94,1.93,1.85,0.25,1.88,1.98,1.87,1.97,1.92,2,1.85,1.94,,,,,,,,,,,,,,,,,,,,,,,,,,,,,,,,,,,,,,,,,
E3,26/12/2019,15:00,Cheltenham,Plymouth,,,,,,,2.4,3.3,2.87,2.5,3.4,2.65,2.4,3.2,2.65,2.56,3.45,2.79,2.45,3.5,2.75,2.45,3.5,2.63,2.58,3.58,2.9,2.47,3.35,2.73,1.9,1.9,1.9,1.93,1.95,1.99,1.87,1.91,0,1.85,2,1.84,2.01,1.88,2.08,1.81,2.01,,,,,,,,,,,,,,,,,,,,,,,,,,,,,,,,,,,,,,,,,
E3,26/12/2019,15:00,Crawley Town,Northampton,,,,,,,2.5,3.5,2.62,2.55,3.3,2.7,2.45,3.15,2.6,2.66,3.36,2.73,2.6,3.4,2.62,2.55,3.4,2.6,2.67,3.54,2.75,2.54,3.31,2.67,1.95,1.85,1.96,1.87,1.99,1.94,1.93,1.85,0,1.9,1.95,1.9,1.94,1.94,2,1.87,1.94,,,,,,,,,,,,,,,,,,,,,,,,,,,,,,,,,,,,,,,,,
E3,26/12/2019,15:00,Exeter,Newport County,,,,,,,1.85,3.4,4.33,1.91,3.3,4.1,1.87,3.15,3.85,1.98,3.36,4.27,1.91,3.5,4,1.9,3.5,3.9,2.02,3.55,4.36,1.92,3.33,4.05,2.15,1.66,2.19,1.68,2.23,1.75,2.13,1.69,-0.5,1.93,1.93,1.95,1.9,1.98,1.98,1.91,1.89,,,,,,,,,,,,,,,,,,,,,,,,,,,,,,,,,,,,,,,,,
E3,26/12/2019,15:00,Macclesfield,Grimsby,,,,,,,,,,,,,,,,,,,,,,,,,,,,,,,,,,,,,,,,,,,,,,,,,,,,,,,,,,,,,,,,,,,,,,,,,,,,,,,,,,,,,,,,
E3,26/12/2019,15:00,Mansfield,Port Vale,,,,,,,2.15,3.3,3.4,2.1,3.25,3.5,2.1,3.1,3.15,2.24,3.34,3.41,2.15,3.4,3.3,2.15,3.4,3.2,2.26,3.46,3.5,2.16,3.28,3.3,2.05,1.75,2.09,1.75,2.17,1.81,2.05,1.74,-0.25,1.9,1.95,1.91,1.94,1.93,2.01,1.87,1.92,,,,,,,,,,,,,,,,,,,,,,,,,,,,,,,,,,,,,,,,,
E3,26/12/2019,15:00,Morecambe,Oldham,,,,,,,2.7,3.4,2.5,2.8,3.4,2.4,2.7,3.2,2.35,2.91,3.34,2.52,2.8,3.5,2.4,2.75,3.5,2.38,2.95,3.5,2.57,2.8,3.34,2.43,1.85,1.95,1.87,1.96,1.97,1.99,1.85,1.93,0.25,1.72,2.07,1.73,2.13,1.8,2.2,1.73,2.09,,,,,,,,,,,,,,,,,,,,,,,,,,,,,,,,,,,,,,,,,
E3,26/12/2019,15:00,Salford,Crewe,,,,,,,3.5,3.6,2,3.4,3.5,2.05,3.4,3.3,1.95,3.54,3.61,2.08,3.6,3.5,2,3.4,3.5,2.05,3.68,3.68,2.2,3.42,3.47,2.04,1.9,1.9,1.88,1.95,1.98,1.97,1.88,1.89,0.25,2.05,1.75,2.06,1.79,2.1,1.85,2.02,1.77,,,,,,,,,,,,,,,,,,,,,,,,,,,,,,,,,,,,,,,,,
E3,26/12/2019,15:00,Scunthorpe,Walsall,,,,,,,2.1,3.4,3.4,2.1,3.4,3.3,2.05,3.2,3.2,2.2,3.44,3.4,2.15,3.4,3.3,2.15,3.4,3.25,2.23,3.55,3.42,2.14,3.36,3.28,2,1.8,1.99,1.84,2.07,1.89,1.98,1.81,-0.25,1.88,1.98,1.88,1.97,1.91,2.03,1.86,1.95,,,,,,,,,,,,,,,,,,,,,,,,,,,,,,,,,,,,,,,,,
E3,26/12/2019,15:00,Stevenage,Forest Green,,,,,,,2.9,3.4,2.35,2.9,3.25,2.4,2.9,3.1,2.25,3.11,3.29,2.41,3,3.25,2.4,2.9,3.3,2.38,3.13,3.42,2.45,2.97,3.23,2.37,2.15,1.66,2.18,1.69,2.25,1.75,2.13,1.69,0.25,1.8,2.05,1.81,2.04,1.84,2.13,1.78,2.04,,,,,,,,,,,,,,,,,,,,,,,,,,,,,,,,,,,,,,,,,
E3,26/12/2019,15:00,Swindon,Cambridge,,,,,,,1.65,3.75,5.25,1.65,3.75,5,1.65,3.5,4.65,1.68,3.92,5.22,1.67,3.8,5,1.67,3.75,4.8,1.77,3.94,5.28,1.68,3.71,4.9,1.95,1.85,1.92,1.92,2.01,1.94,1.92,1.86,-0.75,1.9,1.95,1.88,1.97,1.98,2,1.88,1.92,,,,,,,,,,,,,,,,,,,,,,,,,,,,,,,,,,,,,,,,,
EC,26/12/2019,13:00,Dag and Red,Ebbsfleet,,,,,,,2,3.5,3.6,2.05,3.3,3.3,2,3.35,3.3,2.11,3.64,3.36,2.1,3.5,3.3,2.05,3.4,3.3,2.12,3.64,3.6,2.05,3.43,3.27,1.85,1.95,1.84,1.97,1.92,2,1.84,1.92,-0.25,1.8,2,1.82,2.01,1.86,2.05,1.8,1.99,,,,,,,,,,,,,,,,,,,,,,,,,,,,,,,,,,,,,,,,,
EC,26/12/2019,13:00,Woking,Sutton,,,,,,,2.1,3.4,3.4,2,3.4,3.4,2.1,3.25,3.2,2.25,3.26,3.39,2.2,3.25,3.3,2.05,3.3,3.3,2.25,3.41,3.42,2.13,3.25,3.25,1.95,1.85,1.96,1.85,2,1.9,1.93,1.83,-0.25,1.85,1.95,1.91,1.93,1.92,2.04,1.85,1.93,,,,,,,,,,,,,,,,,,,,,,,,,,,,,,,,,,,,,,,,,
EC,26/12/2019,15:00,Barnet,Boreham Wood,,,,,,,2.1,3.5,3.25,2.1,3.3,3.25,2.1,3.25,3.2,2.17,3.42,3.4,2.15,3.4,3.3,2.1,3.3,3.2,2.2,3.52,3.4,2.11,3.34,3.21,1.9,1.9,1.94,1.86,2,1.94,1.89,1.87,-0.25,1.85,1.95,1.85,1.97,1.91,2.01,1.84,1.94,,,,,,,,,,,,,,,,,,,,,,,,,,,,,,,,,,,,,,,,,
EC,26/12/2019,15:00,Barrow,Fylde,,,,,,,2.45,3.4,2.75,2.2,3.3,3,2.15,3.3,3.05,2.68,3.33,2.69,2.3,3.4,3,2.3,3.4,2.75,2.68,3.41,3.27,2.33,3.28,2.87,1.8,2,1.8,2.01,1.88,2.05,1.79,1.97,0,1.9,1.9,1.86,1.97,1.92,2.3,1.77,2.05,,,,,,,,,,,,,,,,,,,,,,,,,,,,,,,,,,,,,,,,,
EC,26/12/2019,15:00,Chesterfield,Solihull,,,,,,,3.1,3.4,2.25,2.85,3.4,2.25,2.85,3.35,2.2,3.09,3.61,2.24,3,3.5,2.25,2.88,3.4,2.25,3.11,3.61,2.34,2.92,3.4,2.23,1.72,2.07,1.76,2.06,1.81,2.1,1.73,2.03,0.25,1.83,1.98,1.89,1.93,1.89,2.04,1.82,1.96,,,,,,,,,,,,,,,,,,,,,,,,,,,,,,,,,,,,,,,,,
EC,26/12/2019,15:00,Dover Athletic,Bromley,,,,,,,2.75,3.4,2.45,2.65,3.2,2.5,2.6,3.25,2.45,2.78,3.65,2.43,2.75,3.4,2.45,2.63,3.3,2.45,2.79,3.65,2.6,2.65,3.37,2.44,1.85,1.95,1.88,1.93,1.94,1.96,1.87,1.89,0,1.98,1.83,2.05,1.78,2.08,1.91,1.97,1.82,,,,,,,,,,,,,,,,,,,,,,,,,,,,,,,,,,,,,,,,,
EC,26/12/2019,15:00,Eastleigh,Aldershot,,,,,,,1.85,3.5,4.2,1.83,3.4,4,1.85,3.45,3.7,1.88,3.78,4,1.88,3.6,3.9,1.85,3.4,3.9,1.93,3.78,4.24,1.86,3.51,3.82,1.9,1.9,1.88,1.93,1.94,1.96,1.86,1.89,-0.5,1.88,1.93,1.86,1.97,1.93,1.98,1.86,1.92,,,,,,,,,,,,,,,,,,,,,,,,,,,,,,,,,,,,,,,,,
EC,26/12/2019,15:00,Harrogate,Hartlepool,,,,,,,2.1,3.4,3.4,2.15,3.6,2.9,2.05,3.45,3.15,2.12,3.81,3.2,2.1,3.7,3.1,2.05,3.6,3.1,2.15,3.81,3.4,2.08,3.56,3.1,1.65,2.2,1.61,2.3,1.7,2.35,1.63,2.19,-0.25,1.83,1.98,1.85,1.98,1.88,2.03,1.83,1.95,,,,,,,,,,,,,,,,,,,,,,,,,,,,,,,,,,,,,,,,,
EC,26/12/2019,15:00,Notts County,Maidenhead,,,,,,,1.57,3.75,6,1.57,3.9,5,1.6,3.85,4.65,1.63,4.22,5.1,1.62,4,5,1.6,3.9,4.8,1.68,4.22,6.1,1.6,3.93,4.9,1.7,2.1,1.67,2.18,1.73,2.23,1.67,2.12,-0.75,1.77,2.02,1.78,2.05,1.85,2.09,1.78,2.01,,,,,,,,,,,,,,,,,,,,,,,,,,,,,,,,,,,,,,,,,
EC,26/12/2019,15:00,Stockport,Halifax,,,,,,,2.4,3.3,2.87,2.4,3.3,2.7,2.4,3.2,2.7,2.52,3.35,2.86,2.5,3.25,2.8,2.4,3.3,2.7,2.55,3.36,2.89,2.43,3.25,2.74,1.85,1.95,1.93,1.89,1.95,2,1.86,1.9,0,1.8,2,1.79,2.04,1.85,2.08,1.79,2,,,,,,,,,,,,,,,,,,,,,,,,,,,,,,,,,,,,,,,,,
EC,26/12/2019,15:00,Wrexham,Chorley,,,,,,,1.85,3.4,4.33,1.8,3.4,4.2,1.9,3.35,3.7,1.96,3.38,4.18,1.95,3.3,4,1.87,3.4,3.8,1.99,3.45,4.36,1.89,3.35,3.93,1.95,1.85,2,1.81,2.03,1.94,1.93,1.83,-0.5,1.9,1.9,1.93,1.89,1.93,1.96,1.89,1.88,,,,,,,,,,,,,,,,,,,,,,,,,,,,,,,,,,,,,,,,,
EC,26/12/2019,15:00,Yeovil,Torquay,,,,,,,1.9,3.4,4,1.87,3.5,3.7,1.85,3.55,3.55,1.88,3.78,4,1.91,3.7,3.7,1.87,3.6,3.6,1.97,3.78,4.04,1.89,3.55,3.68,1.66,2.15,1.63,2.26,1.73,2.31,1.64,2.17,-0.5,1.9,1.9,1.86,1.97,1.98,1.98,1.89,1.89,,,,,,,,,,,,,,,,,,,,,,,,,,,,,,,,,,,,,,,,,
I2,26/12/2019,11:30,Cosenza,Empoli,,,,,,,2.3,3.1,3.2,2.4,3.1,3,2.35,3.05,3.05,2.43,3.01,3.38,2.35,3,3.25,2.38,3.1,3.25,2.43,3.18,3.38,2.37,3.03,3.13,2.1,1.7,2.18,1.73,2.2,1.76,2.13,1.69,-0.25,2.02,1.83,2.05,1.85,2.06,1.88,2.01,1.81,,,,,,,,,,,,,,,,,,,,,,,,,,,,,,,,,,,,,,,,,
I2,26/12/2019,14:00,Chievo,Benevento,,,,,,,2.87,3.1,2.55,2.8,3,2.65,2.8,3,2.55,2.98,2.97,2.72,2.8,3.1,2.55,2.9,3,2.7,2.98,3.16,2.72,2.84,2.96,2.61,2.15,1.66,2.28,1.68,2.29,1.72,2.19,1.66,0,2.02,1.83,2.04,1.85,2.06,1.88,2,1.83,,,,,,,,,,,,,,,,,,,,,,,,,,,,,,,,,,,,,,,,,
I2,26/12/2019,14:00,Cremonese,Juve Stabia,,,,,,,1.8,3.4,4.75,1.83,3.1,5,1.77,3.2,4.95,1.81,3.19,5.7,1.75,3.2,5.5,1.8,3.25,5.4,1.83,3.45,5.7,1.79,3.18,5.02,2.35,1.57,2.45,1.59,2.46,1.62,2.37,1.57,-0.75,2.05,1.75,2.1,1.8,2.14,1.83,2.06,1.77,,,,,,,,,,,,,,,,,,,,,,,,,,,,,,,,,,,,,,,,,
I2,26/12/2019,14:00,Frosinone,Crotone,,,,,,,1.95,3.3,4,2,3.1,4,2,3.2,3.75,2.05,3.16,4.27,2,3.2,4,2,3.25,4.1,2.05,3.48,4.27,2,3.16,3.94,2.05,1.75,2.07,1.81,2.12,1.82,2.04,1.76,-0.5,2.02,1.83,2.05,1.85,2.06,1.88,2,1.81,,,,,,,,,,,,,,,,,,,,,,,,,,,,,,,,,,,,,,,,,
I2,26/12/2019,14:00,Livorno,Pescara,,,,,,,2.25,3.3,3.2,2.25,3.25,3.1,2.2,3.2,3.15,2.26,3.32,3.37,2.2,3.3,3.25,2.25,3.2,3.4,2.28,3.48,3.4,2.22,3.24,3.18,1.95,1.85,2.02,1.86,2.02,1.93,1.94,1.84,-0.25,1.93,1.93,1.95,1.95,1.98,1.98,1.91,1.9,,,,,,,,,,,,,,,,,,,,,,,,,,,,,,,,,,,,,,,,,
I2,26/12/2019,14:00,Salernitana,Pordenone,,,,,,,2.37,3.2,3,2.4,3.1,3,2.4,3.1,2.9,2.56,3.1,3.07,2.45,3,3,2.55,3.13,3,2.56,3.2,3.08,2.44,3.07,2.95,2.07,1.72,2.13,1.77,2.13,1.83,2.05,1.75,0,1.77,2.1,1.78,2.14,1.81,2.19,1.75,2.1,,,,,,,,,,,,,,,,,,,,,,,,,,,,,,,,,,,,,,,,,
I2,26/12/2019,14:00,Trapani,Perugia,,,,,,,2.45,3.1,3,2.5,3,2.95,2.5,3.1,2.8,2.62,3.11,2.97,2.55,3,2.9,2.55,3.1,3,2.62,3.21,3.06,2.51,3.03,2.89,2.07,1.72,2.11,1.78,2.17,1.8,2.07,1.73,0,1.8,2.05,1.83,2.07,1.84,2.19,1.79,2.04,,,,,,,,,,,,,,,,,,,,,,,,,,,,,,,,,,,,,,,,,
I2,26/12/2019,14:00,Venezia,Cittadella,,,,,,,2.87,3,2.62,2.85,2.9,2.65,2.7,3,2.6,2.88,3.01,2.78,2.75,3,2.7,2.88,3,2.7,2.91,3.1,2.78,2.78,2.98,2.64,2.15,1.66,2.24,1.69,2.26,1.75,2.16,1.67,0,1.98,1.88,1.99,1.92,2.06,1.94,1.96,1.86,,,,,,,,,,,,,,,,,,,,,,,,,,,,,,,,,,,,,,,,,
I2,26/12/2019,17:00,Ascoli,Pisa,,,,,,,1.9,3.4,4,1.91,3.4,4,1.85,3.4,4.15,1.87,3.53,4.55,1.8,3.5,4.33,1.87,3.4,4.5,1.93,3.65,4.55,1.86,3.41,4.14,2,1.8,1.98,1.9,2.05,1.9,1.96,1.83,-0.5,1.85,2,1.87,2.03,1.9,2.04,1.85,1.96,,,,,,,,,,,,,,,,,,,,,,,,,,,,,,,,,,,,,,,,,
I2,26/12/2019,20:00,Virtus Entella,Spezia,,,,,,,2.45,3.25,2.87,2.4,3.1,3,2.45,3.1,2.9,2.6,3.11,3,2.45,3.2,2.88,2.55,3.1,3,2.6,3.32,3.04,2.46,3.1,2.91,2.1,1.7,2.19,1.72,2.2,1.79,2.11,1.71,0,1.77,2.1,1.81,2.09,1.82,2.19,1.75,2.08,,,,,,,,,,,,,,,,,,,,,,,,,,,,,,,,,,,,,,,,,
SC0,26/12/2019,12:30,Hearts,Hibernian,,,,,,,2.5,3.3,2.75,2.5,3.3,2.7,2.55,3.2,2.7,2.67,3.37,2.76,2.6,3.3,2.7,2.55,3.3,2.63,2.68,3.46,2.79,2.54,3.29,2.69,2,1.8,2.05,1.85,2.07,1.86,2,1.79,0,1.88,1.98,1.93,1.99,1.93,2.06,1.86,1.96,,,,,,,,,,,,,,,,,,,,,,,,,,,,,,,,,,,,,,,,,
SC0,26/12/2019,15:00,Aberdeen,Livingston,,,,,,,1.75,3.6,4.75,1.75,3.6,4.6,1.77,3.45,4.5,1.81,3.61,4.92,1.75,3.6,4.75,1.75,3.6,4.5,1.81,3.7,4.94,1.76,3.55,4.59,2,1.8,2.08,1.83,2.13,1.86,2.01,1.78,-0.75,2.02,1.83,2.07,1.85,2.09,1.89,2,1.82,,,,,,,,,,,,,,,,,,,,,,,,,,,,,,,,,,,,,,,,,
SC0,26/12/2019,15:00,Hamilton,St Johnstone,,,,,,,3,3.3,2.3,2.8,3.25,2.45,2.85,3.2,2.4,3.02,3.48,2.41,2.9,3.4,2.38,2.88,3.3,2.38,3.03,3.5,2.55,2.88,3.29,2.39,2.1,1.72,2.15,1.77,2.17,1.82,2.07,1.74,0.25,1.8,2.05,1.83,2.09,1.85,2.15,1.77,2.06,,,,,,,,,,,,,,,,,,,,,,,,,,,,,,,,,,,,,,,,,
SC0,26/12/2019,15:00,Rangers,Kilmarnock,,,,,,,1.18,7,13,1.16,6.75,17,1.15,7.4,17,1.16,8.02,19.54,1.14,7.5,21,1.13,7.5,18,1.19,8.1,21,1.14,7.36,17.02,1.53,2.5,1.53,2.59,1.55,2.65,1.51,2.49,-2.25,2.02,1.77,2.09,1.82,2.13,1.85,2.04,1.79,,,,,,,,,,,,,,,,,,,,,,,,,,,,,,,,,,,,,,,,,
SC0,26/12/2019,15:00,Ross County,Motherwell,,,,,,,3,3.4,2.3,3,3.4,2.25,3,3.35,2.25,3.15,3.55,2.3,3.1,3.4,2.25,3,3.4,2.25,3.16,3.58,2.31,3.01,3.4,2.26,1.9,1.9,1.92,1.98,1.92,2.04,1.83,1.96,0.25,1.88,1.98,1.92,2,1.92,2.02,1.85,1.96,,,,,,,,,,,,,,,,,,,,,,,,,,,,,,,,,,,,,,,,,
SC0,26/12/2019,15:00,St Mirren,Celtic,,,,,,,13,7.5,1.16,15,6.5,1.18,14.5,6.8,1.17,16.22,7.11,1.19,17,7,1.17,15,7,1.15,18,7.53,1.2,14.75,6.84,1.17,1.53,2.5,1.57,2.49,1.57,2.63,1.52,2.47,2,1.93,1.93,1.92,1.98,2,1.98,1.92,1.9,,,,,,,,,,,,,,,,,,,,,,,,,,,,,,,,,,,,,,,,,
